Class,Precision,Recall,F1-Score,Support
Class_0,0.2850356294536817,0.30112923462986196,0.2928615009151922,1594
Class_1,0.2544927536231884,0.2787301587301587,0.26606060606060605,1575
Class_2,0.261219022103148,0.24824952259707192,0.2545691906005222,1571
Class_3,0.24617524339360222,0.22125,0.23304805793285055,1600
